{"cameraMode":{"drawMode":0,"name":"Shaded","section":"Shading Mode"},"sceneLighting":true,"audioPlay":false,"sceneViewState":{"m_AlwaysRefresh":false,"showFog":true,"showSkybox":true,"showFlares":true,"showImageEffects":true,"showParticleSystems":true,"showVisualEffectGraphs":true,"m_FxEnabled":true},"in2DMode":false,"pivot":{"x":1.244693398475647,"y":4.333775997161865,"z":-25.93045425415039},"rotation":{"x":-0.26124170422554018,"y":-0.0037674272898584606,"z":0.0010195102076977492,"w":-0.9652693271636963},"size":5.7052998542785648,"orthographic":false}